Co-Occurring Word,Percent Co-Occurrence,word
democrat,15.846994535519126,election
great,14.89071038251366,election
vote,13.25136612021858,election
state,12.021857923497267,election
rigged,12.021857923497267,election
win,11.612021857923498,election
trump,11.612021857923498,election
people,10.92896174863388,election
fake,10.245901639344263,election
big,10.245901639344263,election
2020,10.10928961748634,election
country,9.836065573770492,election
2016,9.836065573770492,election
republican,9.562841530054644,election
president,9.289617486338798,election
news,9.153005464480875,election
ballot,8.060109289617486,election
even,7.923497267759563,election
never,7.923497267759563,election
get,7.650273224043716,election
many,7.377049180327869,election
medium,7.377049180327869,election
day,7.377049180327869,election
poll,7.377049180327869,election
want,6.830601092896176,election
great,51.83537263626251,america
make,37.04115684093437,america
thank,12.013348164627363,america
people,8.898776418242491,america
get,8.78754171301446,america
together,8.565072302558399,america
country,8.453837597330367,america
state,8.120133481646272,america
first,8.120133481646272,america
vote,7.675194660734149,america
job,7.563959955506118,america
american,7.452725250278086,america
keep,7.230255839822025,america
never,7.007786429365963,america
year,6.896551724137931,america
day,6.7853170189099,america
back,6.7853170189099,america
going,6.562847608453838,america
president,6.451612903225806,america
today,6.229143492769744,america
big,6.229143492769744,america
democrat,6.0066740823136815,america
safe,5.784204671857619,america
united,5.561735261401557,america
new,5.450500556173527,america
sander,47.76119402985074,bernie
crazy,30.597014925373134,bernie
hillary,21.641791044776117,bernie
crooked,19.402985074626866,bernie
joe,17.91044776119403,bernie
democrat,16.417910447761194,bernie
like,15.671641791044777,bernie
dnc,14.17910447761194,bernie
sleepy,13.432835820895523,bernie
would,12.686567164179104,bernie
want,11.940298507462686,bernie
biden,11.940298507462686,bernie
clinton,11.940298507462686,bernie
supporter,10.44776119402985,bernie
great,9.701492537313433,bernie
nomination,9.701492537313433,bernie
time,9.701492537313433,bernie
bad,9.701492537313433,bernie
warren,8.955223880597014,bernie
people,8.955223880597014,bernie
last,8.208955223880597,bernie
elizabeth,8.208955223880597,bernie
rigged,8.208955223880597,bernie
even,7.462686567164178,bernie
state,7.462686567164178,bernie
like,100.0,blm
symbol,50.0,blm
biden,50.0,blm
say,50.0,blm
bacon,50.0,blm
scorned,50.0,blm
money,50.0,blm
crime,50.0,blm
food,50.0,blm
plate,50.0,blm
pig,50.0,blm
police,50.0,blm
elderly,50.0,blm
fry,50.0,blm
maybe,50.0,blm
pittsburgh,50.0,blm
affixed,50.0,blm
nothing,50.0,blm
taunt,50.0,blm
seen,50.0,blm
em,50.0,blm
never,50.0,blm
taking,50.0,blm
hate,50.0,blm
fighting,50.0,blm
trade,18.28793774319066,china
president,17.898832684824903,china
great,17.704280155642024,china
deal,16.731517509727624,china
country,16.147859922178988,china
tariff,15.758754863813229,china
much,12.645914396887159,china
year,12.645914396887159,china
good,11.089494163424124,china
many,10.894941634241246,china
billion,10.700389105058365,china
xi,10.311284046692606,china
want,10.116731517509727,china
state,10.116731517509727,china
biden,9.72762645914397,china
news,9.53307392996109,china
united,9.53307392996109,china
usa,9.53307392996109,china
virus,9.53307392996109,china
dollar,9.53307392996109,china
make,9.33852140077821,china
big,9.33852140077821,china
fake,9.33852140077821,china
people,8.949416342412452,china
world,8.754863813229571,china
fact,50.0,climate
tonight,25.0,climate
greenpeace,25.0,climate
crystal,25.0,climate
patrick,25.0,climate
save,25.0,climate
dioxide,25.0,climate
big,25.0,climate
purest,25.0,climate
air,25.0,climate
science,25.0,climate
watch8,25.0,climate
cant,25.0,climate
main,25.0,climate
win,25.0,climate
plan,25.0,climate
fly,25.0,climate
people,25.0,climate
news,25.0,climate
without,25.0,climate
cleanest,25.0,climate
fakenewscnn,25.0,climate
medium,25.0,climate
american,25.0,climate
clean,25.0,climate
fake,50.57034220532319,cnn
news,50.57034220532319,cnn
rating,25.09505703422053,cnn
foxnews,16.730038022813687,cnn
bad,13.688212927756654,cnn
great,12.547528517110266,cnn
people,11.406844106463879,cnn
much,11.406844106463879,cnn
even,11.02661596958175,cnn
msdnc,10.26615969581749,cnn
medium,10.26615969581749,cnn
trump,9.885931558935361,cnn
msnbc,9.885931558935361,cnn
like,9.505703422053232,cnn
dont,9.505703422053232,cnn
story,9.125475285171103,cnn
time,8.745247148288973,cnn
nbc,8.745247148288973,cnn
hillary,8.745247148288973,cnn
nytimes,8.365019011406844,cnn
watch,7.984790874524715,cnn
big,7.984790874524715,cnn
never,7.604562737642586,cnn
get,7.604562737642586,cnn
others,7.224334600760455,cnn
news,35.294117647058826,covid
fake,32.35294117647059,covid
medium,29.411764705882355,covid
19,23.52941176470588,covid
people,20.588235294117645,covid
great,17.647058823529413,covid
far,14.705882352941178,covid
election,14.705882352941178,covid
good,14.705882352941178,covid
made,11.76470588235294,covid
china,11.76470588235294,covid
governor,11.76470588235294,covid
democrat,11.76470588235294,covid
better,11.76470588235294,covid
job,11.76470588235294,covid
talk,11.76470588235294,covid
trump,11.76470588235294,covid
big,11.76470588235294,covid
many,11.76470588235294,covid
make,11.76470588235294,covid
state,11.76470588235294,covid
relief,11.76470588235294,covid
wont,8.823529411764707,covid
rate,8.823529411764707,covid
virus,8.823529411764707,covid
dr,55.55555555555556,fauci
great,44.44444444444444,fauci
tony,33.33333333333333,fauci
dont,33.33333333333333,fauci
nothing,33.33333333333333,fauci
say,33.33333333333333,fauci
news,22.22222222222222,fauci
fake,22.22222222222222,fauci
done,22.22222222222222,fauci
lamestream,22.22222222222222,fauci
also,22.22222222222222,fauci
get,22.22222222222222,fauci
yet,22.22222222222222,fauci
football,22.22222222222222,fauci
looking,22.22222222222222,fauci
china,22.22222222222222,fauci
way,22.22222222222222,fauci
anthony,22.22222222222222,fauci
national,22.22222222222222,fauci
said,22.22222222222222,fauci
good,22.22222222222222,fauci
medium,22.22222222222222,fauci
democrat,22.22222222222222,fauci
nfl,22.22222222222222,fauci
job,22.22222222222222,fauci
george,90.0,floyd
memory,70.0,floyd
trouble,40.0,floyd
cause,40.0,floyd
maga,30.0,floyd
night,30.0,floyd
tonight,30.0,floyd
protester,30.0,floyd
managed,30.0,floyd
professionally,30.0,floyd
understand,30.0,floyd
white,30.0,floyd
easily,30.0,floyd
little,30.0,floyd
secretservice,30.0,floyd
socalled,30.0,floyd
house,30.0,floyd
handled,30.0,floyd
arrived,20.0,floyd
vain,20.0,floyd
died,20.0,floyd
respect,20.0,floyd
guard,20.0,floyd
sad,20.0,floyd
national,20.0,floyd
great,12.882096069868995,foxnews
tonight,12.663755458515283,foxnews
trump,12.22707423580786,foxnews
democrat,12.008733624454148,foxnews
pm,11.790393013100436,foxnews
interviewed,11.790393013100436,foxnews
seanhannity,11.135371179039302,foxnews
president,10.698689956331878,foxnews
enjoy,10.480349344978166,foxnews
cnn,9.606986899563319,foxnews
news,9.388646288209607,foxnews
fake,9.170305676855897,foxnews
big,8.296943231441048,foxnews
people,7.423580786026202,foxnews
like,6.986899563318777,foxnews
even,6.768558951965066,foxnews
fox,6.768558951965066,foxnews
watch,6.768558951965066,foxnews
never,6.550218340611353,foxnews
impeachment,6.550218340611353,foxnews
rating,6.331877729257641,foxnews
900,6.331877729257641,foxnews
poll,6.331877729257641,foxnews
want,5.676855895196507,foxnews
show,5.676855895196507,foxnews
voter,30.337078651685395,fraud
election,24.15730337078652,fraud
state,16.292134831460675,fraud
ballot,15.168539325842698,fraud
people,14.606741573033707,fraud
vote,14.04494382022472,fraud
democrat,13.48314606741573,fraud
never,12.359550561797752,fraud
big,11.797752808988763,fraud
massive,11.235955056179774,fraud
republican,10.674157303370785,fraud
american,10.674157303370785,fraud
trump,9.550561797752808,fraud
great,8.98876404494382,fraud
fake,8.98876404494382,fraud
schiff,8.98876404494382,fraud
many,8.426966292134832,fraud
total,7.865168539325842,fraud
even,7.865168539325842,fraud
2020,7.303370786516854,fraud
time,7.303370786516854,fraud
public,7.303370786516854,fraud
voting,6.741573033707865,fraud
hillary,6.741573033707865,fraud
rigged,6.179775280898876,fraud
democrat,28.000000000000004,gun
take,20.0,gun
vote,18.0,gun
bad,16.0,gun
biden,16.0,gun
great,16.0,gun
away,16.0,gun
amendment,14.000000000000002,gun
nra,14.000000000000002,gun
want,14.000000000000002,gun
president,12.0,gun
radical,12.0,gun
left,12.0,gun
would,12.0,gun
right,12.0,gun
joe,12.0,gun
trump,12.0,gun
people,10.0,gun
virginia,10.0,gun
big,10.0,gun
hillary,10.0,gun
dems,10.0,gun
school,10.0,gun
2nd,10.0,gun
nothing,10.0,gun
crooked,53.48837209302325,hillary
clinton,45.25939177101968,hillary
email,11.091234347048301,hillary
democrat,10.912343470483005,hillary
fbi,9.838998211091235,hillary
trump,9.30232558139535,hillary
campaign,8.765652951699463,hillary
people,8.050089445438283,hillary
never,7.334525939177102,hillary
bad,6.797853309481217,hillary
russia,6.618962432915922,hillary
rigged,6.440071556350627,hillary
many,6.440071556350627,hillary
obama,6.440071556350627,hillary
like,6.261180679785331,hillary
dnc,6.261180679785331,hillary
election,6.261180679785331,hillary
state,6.082289803220036,hillary
president,5.903398926654741,hillary
want,5.903398926654741,hillary
get,5.545617173524151,hillary
medium,5.545617173524151,hillary
great,5.545617173524151,hillary
collusion,5.545617173524151,hillary
big,5.366726296958855,hillary
impeachment,40.32921810699588,hoax
democrat,34.97942386831276,hoax
hunt,21.810699588477366,hoax
witch,21.810699588477366,hoax
nothing,18.51851851851852,hoax
russia,18.106995884773664,hoax
republican,16.049382716049383,hoax
never,15.637860082304528,hoax
people,15.22633744855967,hoax
fake,14.40329218106996,hoax
great,13.580246913580247,hoax
collusion,13.580246913580247,hoax
russian,13.168724279835391,hoax
news,10.2880658436214,hoax
president,10.2880658436214,hoax
trump,9.876543209876543,hoax
phony,9.465020576131687,hoax
dems,9.465020576131687,hoax
time,9.465020576131687,hoax
another,9.053497942386832,hoax
american,9.053497942386832,hoax
senate,9.053497942386832,hoax
even,8.641975308641975,hoax
scam,8.23045267489712,hoax
country,7.818930041152264,hoax
immigration,28.235294117647058,illegal
border,22.35294117647059,illegal
democrat,19.607843137254903,illegal
state,17.254901960784313,illegal
great,14.50980392156863,illegal
crime,14.117647058823529,illegal
immigrant,14.117647058823529,illegal
people,11.76470588235294,illegal
country,10.980392156862745,illegal
witch,10.196078431372548,illegal
hunt,10.196078431372548,illegal
law,9.803921568627452,illegal
many,9.411764705882353,illegal
trump,9.411764705882353,illegal
united,8.627450980392156,illegal
president,8.235294117647058,illegal
year,8.235294117647058,illegal
southern,8.235294117647058,illegal
must,8.235294117647058,illegal
never,8.235294117647058,illegal
wall,7.8431372549019605,illegal
vote,7.8431372549019605,illegal
fake,7.8431372549019605,illegal
would,7.450980392156863,illegal
mueller,7.450980392156863,illegal
democrat,38.996138996138995,impeachment
hoax,37.83783783783784,impeachment
nothing,22.00772200772201,impeachment
president,19.305019305019304,impeachment
republican,17.374517374517374,impeachment
scam,14.671814671814673,impeachment
pelosi,12.741312741312742,impeachment
great,12.355212355212355,impeachment
nancy,12.355212355212355,impeachment
foxnews,11.583011583011583,impeachment
dems,11.583011583011583,impeachment
people,10.81081081081081,impeachment
house,10.81081081081081,impeachment
senate,10.81081081081081,impeachment
time,10.038610038610038,impeachment
trump,9.266409266409266,impeachment
going,9.266409266409266,impeachment
want,8.880308880308881,impeachment
even,8.880308880308881,impeachment
said,8.880308880308881,impeachment
schiff,8.494208494208493,impeachment
crime,8.494208494208493,impeachment
never,8.494208494208493,impeachment
country,8.108108108108109,impeachment
witch,8.108108108108109,impeachment
deal,28.47682119205298,iran
people,18.543046357615893,iran
state,16.55629139072848,iran
united,15.2317880794702,iran
obama,13.90728476821192,iran
world,12.582781456953644,iran
nuclear,12.582781456953644,iran
many,11.920529801324504,iran
president,11.920529801324504,iran
year,9.933774834437086,iran
russia,9.271523178807946,iran
dont,9.271523178807946,iran
iranian,9.271523178807946,iran
time,8.609271523178808,iran
dollar,8.609271523178808,iran
great,8.609271523178808,iran
american,8.609271523178808,iran
syria,7.9470198675496695,iran
big,7.9470198675496695,iran
want,7.9470198675496695,iran
back,7.9470198675496695,iran
attack,7.9470198675496695,iran
country,7.9470198675496695,iran
sanction,7.9470198675496695,iran
billion,7.28476821192053,iran
iran,25.71428571428571,iraq
military,22.857142857142858,iraq
war,20.0,iraq
syria,17.142857142857142,iraq
embassy,17.142857142857142,iraq
people,17.142857142857142,iraq
many,17.142857142857142,iraq
disaster,14.285714285714285,iraq
voted,14.285714285714285,iraq
going,14.285714285714285,iraq
isi,14.285714285714285,iraq
troop,11.428571428571429,iraq
turkey,8.571428571428571,iraq
dont,8.571428571428571,iraq
attack,8.571428571428571,iraq
wonderful,8.571428571428571,iraq
want,8.571428571428571,iraq
trump,8.571428571428571,iraq
hillary,8.571428571428571,iraq
world,8.571428571428571,iraq
held,8.571428571428571,iraq
year,8.571428571428571,iraq
never,8.571428571428571,iraq
germany,8.571428571428571,iraq
thing,8.571428571428571,iraq
biden,57.58293838862559,joe
sleepy,41.23222748815166,joe
people,13.033175355450238,joe
year,11.848341232227488,joe
president,11.848341232227488,joe
country,11.61137440758294,joe
want,10.66350710900474,joe
democrat,10.66350710900474,joe
would,10.42654028436019,joe
vote,9.95260663507109,joe
get,9.95260663507109,joe
corrupt,9.715639810426541,joe
china,9.47867298578199,joe
like,9.47867298578199,joe
even,9.24170616113744,joe
left,8.767772511848342,joe
never,8.530805687203792,joe
radical,8.293838862559241,joe
one,8.056872037914692,joe
bidens,7.5829383886255926,joe
fake,7.345971563981042,joe
great,7.345971563981042,joe
job,7.109004739336493,joe
american,7.109004739336493,joe
also,6.872037914691943,joe
north,85.5,korea
kim,25.0,korea
china,22.5,korea
president,22.5,korea
great,22.5,korea
meeting,21.0,korea
south,19.5,korea
un,18.5,korea
jong,18.0,korea
good,16.0,korea
trade,15.0,korea
much,12.5,korea
nuclear,10.5,korea
deal,10.5,korea
united,10.5,korea
chairman,10.0,korea
also,10.0,korea
state,10.0,korea
time,9.5,korea
would,9.5,korea
news,9.0,korea
people,9.0,korea
japan,9.0,korea
talk,9.0,korea
many,8.0,korea
bad,18.30985915492958,loser
made,14.084507042253522,loser
total,14.084507042253522,loser
people,14.084507042253522,loser
news,14.084507042253522,loser
even,14.084507042253522,loser
fake,12.676056338028168,loser
great,12.676056338028168,loser
got,12.676056338028168,loser
get,11.267605633802818,loser
fired,11.267605633802818,loser
never,11.267605633802818,loser
nothing,9.859154929577464,loser
like,9.859154929577464,loser
dont,9.859154929577464,loser
party,8.450704225352112,loser
left,8.450704225352112,loser
know,8.450704225352112,loser
year,8.450704225352112,loser
rating,8.450704225352112,loser
cnn,8.450704225352112,loser
many,8.450704225352112,loser
yet,8.450704225352112,loser
democrat,8.450704225352112,loser
job,7.042253521126761,loser
great,25.71428571428571,maga
thank,25.71428571428571,maga
endorsement,13.186813186813188,maga
vote,12.307692307692308,maga
job,10.76923076923077,maga
total,9.89010989010989,maga
complete,9.89010989010989,maga
military,9.230769230769232,maga
agenda,9.010989010989011,maga
strong,8.571428571428571,maga
people,8.571428571428571,maga
border,8.571428571428571,maga
get,7.9120879120879115,maga
state,7.9120879120879115,maga
love,7.6923076923076925,maga
supporter,7.252747252747254,maga
vet,7.032967032967033,maga
support,6.813186813186813,maga
big,6.813186813186813,maga
america,6.593406593406594,maga
pennsylvania,6.373626373626373,maga
congressman,5.714285714285714,maga
tonight,5.714285714285714,maga
see,5.4945054945054945,maga
country,5.4945054945054945,maga
mitch,78.37837837837837,mcconnell
senatemajldr,54.054054054054056,mcconnell
great,35.13513513513514,mcconnell
senate,29.72972972972973,mcconnell
senator,24.324324324324326,mcconnell
vote,21.62162162162162,mcconnell
democrat,21.62162162162162,mcconnell
republican,18.91891891891892,mcconnell
house,18.91891891891892,mcconnell
justice,18.91891891891892,mcconnell
support,13.513513513513514,mcconnell
never,13.513513513513514,mcconnell
year,13.513513513513514,mcconnell
people,13.513513513513514,mcconnell
criminal,13.513513513513514,mcconnell
united,10.81081081081081,mcconnell
big,10.81081081081081,mcconnell
tax,10.81081081081081,mcconnell
state,10.81081081081081,mcconnell
reform,10.81081081081081,mcconnell
hearing,10.81081081081081,mcconnell
court,10.81081081081081,mcconnell
trump,10.81081081081081,mcconnell
federal,10.81081081081081,mcconnell
dems,8.108108108108109,mcconnell
angela,85.71428571428571,merkel
germany,71.42857142857143,merkel
chancellor,71.42857142857143,merkel
meeting,57.14285714285714,merkel
great,57.14285714285714,merkel
fake,28.57142857142857,merkel
today,28.57142857142857,merkel
news,28.57142857142857,merkel
president,28.57142857142857,merkel
g7summit,14.285714285714285,merkel
deal,14.285714285714285,merkel
pm,14.285714285714285,merkel
agreement,14.285714285714285,merkel
success,14.285714285714285,merkel
step,14.285714285714285,merkel
carried,14.285714285714285,merkel
problem,14.285714285714285,merkel
german,14.285714285714285,merkel
g20summit,14.285714285714285,merkel
turkey,14.285714285714285,merkel
beautifully,14.285714285714285,merkel
photo,14.285714285714285,merkel
anger,14.285714285714285,merkel
biarritz,14.285714285714285,merkel
show,14.285714285714285,merkel
border,38.57142857142858,mexico
new,21.904761904761905,mexico
country,21.428571428571427,mexico
wall,19.047619047619047,mexico
great,18.571428571428573,mexico
southern,17.142857142857142,mexico
deal,17.142857142857142,mexico
people,16.666666666666664,mexico
state,16.666666666666664,mexico
united,15.238095238095239,mexico
drug,14.285714285714285,mexico
immigration,14.285714285714285,mexico
must,14.285714285714285,mexico
many,14.285714285714285,mexico
trade,14.285714285714285,mexico
stop,13.80952380952381,mexico
law,13.333333333333334,mexico
canada,12.380952380952381,mexico
job,11.904761904761903,mexico
big,11.904761904761903,mexico
coming,10.952380952380953,mexico
year,10.0,mexico
get,10.0,mexico
president,10.0,mexico
back,10.0,mexico
great,43.656716417910445,military
vet,41.7910447761194,military
border,31.902985074626866,military
endorsement,30.783582089552237,military
strong,27.985074626865668,military
total,25.37313432835821,military
amendment,22.761194029850746,military
crime,22.574626865671643,military
complete,22.388059701492537,military
love,21.082089552238806,military
job,18.097014925373134,military
people,16.417910447761194,military
tax,15.671641791044777,military
state,14.738805970149254,military
second,14.365671641791044,military
country,13.619402985074627,military
congressman,11.940298507462686,military
vote,11.567164179104477,military
2nd,11.380597014925373,military
big,9.888059701492537,military
much,9.514925373134329,military
congress,8.768656716417912,military
many,8.768656716417912,military
get,8.395522388059701,military
2a,8.395522388059701,military
msdnc,50.0,muslim
reid,50.0,muslim
untalented,50.0,muslim
shared,50.0,muslim
anyone,50.0,muslim
httpstco8oeaqfiex8,50.0,muslim
trip,50.0,muslim
news,50.0,muslim
racism,50.0,muslim
need,50.0,muslim
httpstcoa5hsiexlql,50.0,muslim
joy,50.0,muslim
horrible,50.0,muslim
50,50.0,muslim
arab,50.0,muslim
spoke,50.0,muslim
else,50.0,muslim
terrorist,50.0,muslim
nation,50.0,muslim
cnn,50.0,muslim
word,50.0,muslim
leader,50.0,muslim
gone,50.0,muslim
enemy,50.0,muslim
fired,50.0,muslim
deal,37.03703703703704,negotiate
china,29.629629629629626,negotiate
trade,25.925925925925924,negotiate
country,25.925925925925924,negotiate
continue,22.22222222222222,negotiate
want,22.22222222222222,negotiate
great,22.22222222222222,negotiate
better,22.22222222222222,negotiate
year,18.51851851851852,negotiate
hope,18.51851851851852,negotiate
would,18.51851851851852,negotiate
tariff,18.51851851851852,negotiate
democrat,14.814814814814813,negotiate
dont,14.814814814814813,negotiate
people,14.814814814814813,negotiate
form,14.814814814814813,negotiate
yesterday,14.814814814814813,negotiate
anyway,14.814814814814813,negotiate
ever,14.814814814814813,negotiate
nothing,14.814814814814813,negotiate
president,14.814814814814813,negotiate
try,14.814814814814813,negotiate
today,14.814814814814813,negotiate
increase,11.11111111111111,negotiate
product,11.11111111111111,negotiate
north,34.84848484848485,nuclear
korea,31.818181818181817,nuclear
iran,28.78787878787879,nuclear
weapon,27.27272727272727,nuclear
deal,22.727272727272727,nuclear
kim,18.181818181818183,nuclear
world,16.666666666666664,nuclear
test,13.636363636363635,nuclear
president,13.636363636363635,nuclear
news,13.636363636363635,nuclear
meeting,12.121212121212121,nuclear
fake,12.121212121212121,nuclear
great,12.121212121212121,nuclear
people,12.121212121212121,nuclear
much,12.121212121212121,nuclear
jong,10.606060606060606,nuclear
look,10.606060606060606,nuclear
never,10.606060606060606,nuclear
rocket,10.606060606060606,nuclear
time,10.606060606060606,nuclear
testing,10.606060606060606,nuclear
sanction,10.606060606060606,nuclear
country,10.606060606060606,nuclear
un,10.606060606060606,nuclear
back,10.606060606060606,nuclear
keystone,37.5,pipeline
xl,37.5,pipeline
approval,37.5,pipeline
energy,37.5,pipeline
great,25.0,pipeline
paying,25.0,pipeline
also,25.0,pipeline
forward,25.0,pipeline
billion,25.0,pipeline
country,25.0,pipeline
acceptable,25.0,pipeline
nato,25.0,pipeline
russia,25.0,pipeline
texas,25.0,pipeline
dollar,25.0,pipeline
construction,25.0,pipeline
border,25.0,pipeline
access,25.0,pipeline
job,25.0,pipeline
dakota,25.0,pipeline
new,25.0,pipeline
httpstcoaoxmfo0vok,12.5,pipeline
since,12.5,pipeline
supreme,12.5,pipeline
fracking,12.5,pipeline
great,27.941176470588236,police
officer,21.323529411764707,police
law,20.588235294117645,police
enforcement,16.176470588235293,police
radical,15.441176470588236,police
job,15.441176470588236,police
left,15.441176470588236,police
want,14.705882352941178,police
thank,14.705882352941178,police
democrat,13.970588235294118,police
defund,13.23529411764706,police
biden,12.5,police
get,11.76470588235294,police
crime,10.294117647058822,police
support,10.294117647058822,police
mayor,10.294117647058822,police
would,10.294117647058822,police
never,9.558823529411764,police
order,9.558823529411764,police
joe,8.823529411764707,police
many,8.088235294117647,police
trump,8.088235294117647,police
family,8.088235294117647,police
first,7.352941176470589,police
new,7.352941176470589,police
people,31.428571428571427,protest
great,22.857142857142858,protest
right,14.285714285714285,protest
peaceful,14.285714285714285,protest
vote,14.285714285714285,protest
take,14.285714285714285,protest
iran,14.285714285714285,protest
dc,11.428571428571429,protest
big,11.428571428571429,protest
far,11.428571428571429,protest
election,11.428571428571429,protest
world,11.428571428571429,protest
country,11.428571428571429,protest
must,11.428571428571429,protest
order,11.428571428571429,protest
large,11.428571428571429,protest
place,11.428571428571429,protest
small,8.571428571428571,protest
national,8.571428571428571,protest
pittsburgh,8.571428571428571,protest
need,8.571428571428571,protest
sad,8.571428571428571,protest
yesterday,8.571428571428571,protest
money,8.571428571428571,protest
protester,8.571428571428571,protest
great,40.60606060606061,proud
people,18.181818181818183,proud
congratulation,13.939393939393941,proud
country,13.939393939393941,proud
job,12.121212121212121,proud
state,10.303030303030303,proud
america,9.696969696969697,proud
many,9.090909090909092,proud
american,9.090909090909092,proud
today,8.484848484848486,proud
win,7.878787878787878,proud
make,7.878787878787878,proud
keep,7.878787878787878,proud
done,7.2727272727272725,proud
thank,7.2727272727272725,proud
im,6.666666666666667,proud
support,6.666666666666667,proud
never,6.666666666666667,proud
big,6.666666666666667,proud
million,6.0606060606060606,proud
usa,6.0606060606060606,proud
together,5.454545454545454,proud
new,5.454545454545454,proud
first,5.454545454545454,proud
well,5.454545454545454,proud
president,51.06382978723404,putin
russia,48.93617021276596,putin
fake,25.53191489361702,putin
meeting,25.53191489361702,putin
news,23.404255319148938,putin
great,19.148936170212767,putin
medium,17.02127659574468,putin
good,17.02127659574468,putin
vladimir,17.02127659574468,putin
along,14.893617021276595,putin
said,12.76595744680851,putin
got,12.76595744680851,putin
would,10.638297872340425,putin
well,10.638297872340425,putin
crazy,10.638297872340425,putin
obama,10.638297872340425,putin
see,10.638297872340425,putin
even,8.51063829787234,putin
thing,8.51063829787234,putin
election,8.51063829787234,putin
many,8.51063829787234,putin
bad,8.51063829787234,putin
going,8.51063829787234,putin
time,8.51063829787234,putin
better,8.51063829787234,putin
people,45.45454545454545,riot
country,18.181818181818183,riot
tear,18.181818181818183,riot
gas,18.181818181818183,riot
must,18.181818181818183,riot
know,18.181818181818183,riot
medium,18.181818181818183,riot
problem,18.181818181818183,riot
run,18.181818181818183,riot
federal,18.181818181818183,riot
protect,18.181818181818183,riot
city,18.181818181818183,riot
would,18.181818181818183,riot
peaceful,18.181818181818183,riot
protest,18.181818181818183,riot
falsely,18.181818181818183,riot
state,18.181818181818183,riot
used,18.181818181818183,riot
many,18.181818181818183,riot
rioter,18.181818181818183,riot
violent,18.181818181818183,riot
claimed,18.181818181818183,riot
suppress,9.090909090909092,riot
military,9.090909090909092,riot
cause,9.090909090909092,riot
collusion,23.47266881028939,russia
fake,19.292604501607716,russia
trump,18.006430868167204,russia
news,17.363344051446948,russia
democrat,15.434083601286176,russia
hoax,14.14790996784566,russia
president,13.504823151125404,russia
hunt,13.183279742765272,russia
witch,13.183279742765272,russia
hillary,11.89710610932476,russia
campaign,10.610932475884244,russia
obama,9.967845659163988,russia
clinton,9.967845659163988,russia
election,9.967845659163988,russia
people,9.646302250803858,russia
medium,9.32475884244373,russia
get,9.003215434083602,russia
year,8.681672025723474,russia
great,8.681672025723474,russia
fbi,8.681672025723474,russia
country,8.681672025723474,russia
dems,8.360128617363344,russia
story,8.038585209003216,russia
big,8.038585209003216,russia
never,7.717041800643088,russia
border,66.66666666666666,separation
administration,66.66666666666666,separation
child,66.66666666666666,separation
policy,66.66666666666666,separation
family,66.66666666666666,separation
obama,66.66666666666666,separation
2014,66.66666666666666,separation
built,33.33333333333333,separation
jail,33.33333333333333,separation
year,33.33333333333333,separation
secnielsen,33.33333333333333,separation
press,33.33333333333333,separation
realized,33.33333333333333,separation
exact,33.33333333333333,separation
force,33.33333333333333,separation
conference,33.33333333333333,separation
picture,33.33333333333333,separation
explaining,33.33333333333333,separation
show,33.33333333333333,separation
used,33.33333333333333,separation
separated,33.33333333333333,separation
kid,33.33333333333333,separation
medium,33.33333333333333,separation
time,33.33333333333333,separation
security,33.33333333333333,separation
enforcement,28.26086956521739,shooting
law,28.26086956521739,shooting
victim,21.73913043478261,shooting
school,21.73913043478261,shooting
people,17.391304347826086,shooting
family,17.391304347826086,shooting
terrible,17.391304347826086,shooting
police,15.217391304347828,shooting
great,15.217391304347828,shooting
responder,15.217391304347828,shooting
first,15.217391304347828,shooting
prayer,15.217391304347828,shooting
texas,15.217391304347828,shooting
spoke,15.217391304347828,shooting
today,15.217391304347828,shooting
thought,13.043478260869565,shooting
killing,13.043478260869565,shooting
california,13.043478260869565,shooting
god,13.043478260869565,shooting
federal,10.869565217391305,shooting
thank,10.869565217391305,shooting
help,10.869565217391305,shooting
officer,10.869565217391305,shooting
condolence,10.869565217391305,shooting
must,8.695652173913043,shooting
border,46.666666666666664,socialism
tax,40.0,socialism
open,40.0,socialism
democrat,40.0,socialism
worker,33.33333333333333,socialism
party,33.33333333333333,socialism
blatant,33.33333333333333,socialism
american,33.33333333333333,socialism
lateterm,33.33333333333333,socialism
republican,33.33333333333333,socialism
abortion,33.33333333333333,socialism
high,33.33333333333333,socialism
family,33.33333333333333,socialism
dream,33.33333333333333,socialism
corruption,33.33333333333333,socialism
crime,33.33333333333333,socialism
people,26.666666666666668,socialism
liberty,20.0,socialism
back,20.0,socialism
venezuela,20.0,socialism
president,20.0,socialism
power,20.0,socialism
day,20.0,socialism
kag2020,20.0,socialism
fishing,13.333333333333334,socialism
china,43.54838709677419,tariff
country,31.182795698924732,tariff
deal,26.881720430107524,tariff
trade,26.344086021505376,tariff
billion,22.043010752688172,tariff
product,21.50537634408602,tariff
united,18.817204301075268,tariff
state,18.817204301075268,tariff
usa,17.20430107526882,tariff
make,17.20430107526882,tariff
company,16.129032258064516,tariff
good,15.591397849462366,tariff
dollar,15.591397849462366,tariff
great,15.053763440860216,tariff
year,14.516129032258066,tariff
farmer,14.516129032258066,tariff
big,12.903225806451612,tariff
many,11.827956989247312,tariff
barrier,11.29032258064516,tariff
25,11.29032258064516,tariff
much,11.29032258064516,tariff
back,10.75268817204301,tariff
mexico,10.75268817204301,tariff
coming,9.13978494623656,tariff
massive,9.13978494623656,tariff
canada,80.0,trudeau
pm,60.0,trudeau
surplus,40.0,trudeau
saying,40.0,trudeau
doesnt,40.0,trudeau
prime,40.0,trudeau
trade,40.0,trudeau
minister,40.0,trudeau
massive,40.0,trudeau
dairy,40.0,trudeau
justin,40.0,trudeau
tariff,40.0,trudeau
farmer,40.0,trudeau
pushed,20.0,trudeau
conference,20.0,trudeau
nonmonetary,20.0,trudeau
300,20.0,trudeau
thats,20.0,trudeau
meek,20.0,trudeau
httpstcobfahprxhdp,20.0,trudeau
canadian,20.0,trudeau
sort,20.0,trudeau
know,20.0,trudeau
leading,20.0,trudeau
meet,20.0,trudeau
president,47.61904761904761,ukraine
call,27.61904761904762,ukraine
said,23.809523809523807,ukraine
democrat,23.809523809523807,ukraine
nothing,17.142857142857142,ukraine
conversation,16.19047619047619,ukraine
schiff,15.238095238095239,ukraine
transcript,15.238095238095239,ukraine
pressure,14.285714285714285,ukraine
fake,13.333333333333334,ukraine
impeachment,13.333333333333334,ukraine
biden,13.333333333333334,ukraine
news,12.380952380952381,ukraine
witch,12.380952380952381,ukraine
never,12.380952380952381,ukraine
hunt,12.380952380952381,ukraine
country,12.380952380952381,ukraine
russia,11.428571428571429,ukraine
hoax,11.428571428571429,ukraine
phone,11.428571428571429,ukraine
wrong,10.476190476190476,ukraine
made,10.476190476190476,ukraine
trump,10.476190476190476,ukraine
foreign,10.476190476190476,ukraine
good,10.476190476190476,ukraine
great,26.912928759894463,usa
country,20.052770448548813,usa
china,12.928759894459102,usa
job,11.609498680738787,usa
people,11.609498680738787,usa
big,11.609498680738787,usa
many,11.081794195250659,usa
back,10.554089709762533,usa
year,10.026385224274406,usa
want,9.762532981530343,usa
world,8.970976253298153,usa
democrat,8.70712401055409,usa
would,8.443271767810026,usa
tariff,8.443271767810026,usa
company,8.179419525065963,usa
get,7.9155672823219,usa
state,7.651715039577836,usa
much,7.651715039577836,usa
deal,7.387862796833773,usa
dollar,7.387862796833773,usa
history,7.12401055408971,usa
good,7.12401055408971,usa
ever,7.12401055408971,usa
way,7.12401055408971,usa
president,6.860158311345646,usa
year,17.741935483870968,vaccine
get,16.129032258064516,vaccine
great,16.129032258064516,vaccine
china,14.516129032258066,vaccine
state,14.516129032258066,vaccine
world,14.516129032258066,vaccine
news,12.903225806451612,vaccine
life,12.903225806451612,vaccine
new,11.29032258064516,vaccine
ahead,11.29032258064516,vaccine
coming,11.29032258064516,vaccine
virus,11.29032258064516,vaccine
biden,11.29032258064516,vaccine
fast,9.67741935483871,vaccine
would,9.67741935483871,vaccine
people,9.67741935483871,vaccine
federal,9.67741935483871,vaccine
country,9.67741935483871,vaccine
trump,9.67741935483871,vaccine
therapeutic,9.67741935483871,vaccine
fda,8.064516129032258,vaccine
government,8.064516129032258,vaccine
getting,8.064516129032258,vaccine
schedule,8.064516129032258,vaccine
good,8.064516129032258,vaccine
get,23.920265780730897,vote
great,22.48062015503876,vote
republican,20.155038759689923,vote
democrat,14.396456256921372,vote
state,14.174972314507198,vote
border,10.852713178294573,vote
election,10.741971207087486,vote
big,10.188261351052049,vote
crime,9.966777408637874,vote
people,9.413067552602437,vote
need,8.527131782945736,vote
trump,8.416389811738648,vote
country,8.305647840531561,vote
job,8.194905869324474,vote
biden,7.862679955703211,vote
tax,7.862679955703211,vote
america,7.641196013289036,vote
endorsement,7.641196013289036,vote
win,7.530454042081949,vote
want,7.419712070874862,vote
today,7.419712070874862,vote
total,7.198228128460686,vote
thank,7.087486157253599,vote
amendment,6.976744186046512,vote
military,6.866002214839424,vote
border,54.12087912087912,wall
security,23.626373626373624,wall
democrat,21.703296703296704,wall
country,18.956043956043956,wall
southern,17.582417582417584,wall
great,16.758241758241756,wall
built,15.659340659340659,wall
people,13.186813186813188,wall
build,12.912087912087914,wall
street,12.362637362637363,wall
drug,12.087912087912088,wall
crime,11.813186813186812,wall
mexico,10.989010989010989,wall
big,10.989010989010989,wall
get,10.989010989010989,wall
must,10.989010989010989,wall
want,10.714285714285714,wall
military,9.340659340659341,wall
new,9.340659340659341,wall
republican,9.065934065934066,wall
journal,8.791208791208792,wall
much,8.241758241758241,wall
strong,8.241758241758241,wall
needed,7.967032967032966,wall
dems,7.967032967032966,wall
president,95.38461538461539,xi
china,81.53846153846153,xi
great,36.92307692307693,xi
meeting,29.230769230769234,xi
korea,23.076923076923077,xi
trade,21.53846153846154,xi
north,20.0,xi
good,20.0,xi
deal,16.923076923076923,xi
working,15.384615384615385,xi
jinping,13.846153846153847,xi
relationship,12.307692307692308,xi
state,12.307692307692308,xi
much,12.307692307692308,xi
forward,12.307692307692308,xi
large,10.76923076923077,xi
chinese,10.76923076923077,xi
united,10.76923076923077,xi
thing,10.76923076923077,xi
negotiation,9.230769230769232,xi
want,9.230769230769232,xi
strong,9.230769230769232,xi
make,9.230769230769232,xi
friend,9.230769230769232,xi
many,9.230769230769232,xi
